scientific_name,url,attribution,licence,page
Vipera berus,https://inaturalist-open-data.s3.amazonaws.com/photos/71599307/large.jpg,"(c) Josip Skejo, some rights reserved (CC BY)",cc-by,https://www.inaturalist.org/photos/71599307
Dendroaspis viridis,https://inaturalist-open-data.s3.amazonaws.com/photos/13139830/large.jpg,"(c) B. Phalan, some rights reserved (CC BY)",cc-by,https://www.inaturalist.org/photos/13139830
Hydrophis elegans,https://inaturalist-open-data.s3.amazonaws.com/photos/254657521/large.jpeg,no rights reserved,cc0,https://www.inaturalist.org/photos/254657521
Hydrophis cyanocinctus,https://inaturalist-open-data.s3.amazonaws.com/photos/547216625/large.jpg,no rights reserved,cc0,https://www.inaturalist.org/photos/547216625
Pseudonaja affinis,https://inaturalist-open-data.s3.amazonaws.com/photos/576402849/large.jpg,"(c) Hugo Innes, some rights reserved (CC BY)",cc-by,https://www.inaturalist.org/photos/576402849
Daboia russelii,https://inaturalist-open-data.s3.amazonaws.com/photos/53030899/large.jpeg,"(c) Mittal Gala, some rights reserved (CC BY)",cc-by,https://www.inaturalist.org/photos/53030899
Crotalus oreganus,https://inaturalist-open-data.s3.amazonaws.com/photos/96125075/large.jpg,"(c) Yan Davidovich, some rights reserved (CC BY-SA)",cc-by-sa,https://www.inaturalist.org/photos/96125075
Agkistrodon contortrix,https://inaturalist-open-data.s3.amazonaws.com/photos/242284249/large.jpg,"(c) Alan Rockefeller, some rights reserved (CC BY)",cc-by,https://www.inaturalist.org/photos/242284249
Bitis nasicornis,https://inaturalist-open-data.s3.amazonaws.com/photos/395167898/large.jpeg,no rights reserved,cc0,https://www.inaturalist.org/photos/395167898
Naja philippinensis,,,none,
